Id,Nature,Object,HP,Atk,Def,SpA,SpD,Spe,Move 1,Move 2,Move 3,Move 4,Encounter 100
003,Bold,Big Root,170,,170,,170,,Giga Drain,Ingrain,Leech Seed,Sleep Powder,2
003,,White Herb,,,,,,,Leaf Storm,,Sleep Powder,Amnesia,1
006,Modest,White Herb,,,,252,,252,Overheat,Solar Beam,Will-o-wisp,Sunny Day,2
006,Timid,Bright Powder,,,,252,,252,Blast Burn,Air Slash,Focus Blast,Ancientpower,45
006,Modest,Petaya Berry,,,,252,,252,Flamethrower,Air Slash,Smokescreen,Scary Face,12
009,Modest,Mystic Water,,,170,170,170,,Hydro Pump,Signal Beam,Icy Wind,Mirror Coat,12
009,Adamant,Shell Bell,252,252,,,,,Waterfall,Focus Punch,Double Team,Aqua Ring,23
009,Modest,Shell Bell,252,,,252,,,Hydro Cannon,Ice Beam,Hyper Beam,Focus Blast,4
026,Adamant,Wide Lens,252,252,,,,,Thunder Punch,Iron Tail,Slam,Quick Attack,1
026,,,,,,,,,,,,Thunder Wave,3
026,Timid,Petaya Berry,,,,252,,252,Thunderbolt,Focus Blast,Signal Beam,Nasty Plot,4
026,Adamant,Bright Powder,,252,,,,252,Volt Tackle,Return,Brick Break,Thunder Wave,4
031,Adamant,Payapa Berry,252,252,,,,,Earthquake,Poison Fang,Aerial Ace,Charm,1
031,Adamant,Razor Claw,252,252,,,,,Earthquake,Poison Jab,Superpower,Crunch,5
034,Modest,Expert Belt,,,,252,,252,Earth Power,Sludge Bomb,Ice Beam,Shadow Ball,3
038,Timid,White Herb,,,,252,,252,Overheat,Dark Pulse,Nasty Plot,Confuse Ray,23
038,Modest,Passho Berry,,,,252,,252,Flamethrower,Extrasensory,Energy Ball,Calm Mind,4
045,,,,,,,,,Sludge Bomb,Ingrain,,,1
045,Bold,Black Sludge,170,,170,,170,,Toxik,Grass Knot,Double Team,Attract,2
051,Jolly,Grip Claw,,252,,,,252,Earthquake,Rock Slide,Astonish,Sand Tomb,1
051,,,,,,,,,Earthquake,Stone Edge,,,5
055,Modest,Rindo Berry,252,,,252,,,Surf,Psychic,Confuse Ray,Calm Mind,1
055,Adamant,Shell Bell,,252,,,,252,Waterfall,Mud Bomb,Shadow Claw,Aerial Ace,23
055,,,,,,,,,Hydro Pump,Psychic,Signal Beam,,4
059,Jolly,Lum Berry,,252,,,,252,Fire Fang,Extreme Speed,Crunch,Will-o-wisp,1
059,,Salac Berry,,,,,,,Flare Blitz,Endure,Thunder Fang,,23
062,Modest,Rindo Berry,252,,,252,,,Surf,Vacuum Wave,Psychic,Double Team,12
062,Adamant,Lax Incense,252,252,,,,,Waterfall,Dynamic Punch,Poison Jab,Bulk Up,2
065,Timid,Bright Powder,,,,252,,252,Psychic,Shadow Ball,Calm Mind,Future Sight,12
065,Modest,Colbur Berry,,,,252,,252,Psychic,Focus Blast,Charge Beam,Recover,2
068,Adamant,Scope Lens,252,252,,,,,Cross Chop,Earthquake,Bullet Punch,Foresight,12
068,,,,,,,,,Stone Edge,,,,2
068,,,,,,,,,Revenge,Earthquake,Payback,Counter,3
071,Modest,Payapa Berry,252,,,252,,,Leaf Storm,Sludge Bomb,Sleep Powder,Gastro Acid,1
071,,,,,,,,,Seed Bomb,,,,3
071,,Power Herb,,,,,,,Sludge Bomb,Solar Beam,,Synthesis,4
073,,,,,,,,,,,,Confuse Ray,2
073,Modest,Focus Sash,,,,252,252,,Surf,Sludge Bomb,Giga Drain,Mirror Coat,3
076,Impish,Focus Band,,252,252,,,,Earthquake,Rock Slide,Sucker Punch,Sandstorm,12
076,Adamant,White Herb,,252,252,,,,Earthquake,Superpower,Fire Punch,Thunder Punch,2
078,Modest,White Herb,,,,252,,252,Overheat,Solar Beam,Swift,Sunny Day,2
078,Adamant,Bright Powder,,252,,,,252,Flare Blitz,Poison Jab,Iron Tail,Horn Drill,3
078,Jolly,Chesto Berry,,252,,,,252,Flare Blitz,Megahorn,Double-edge,Hypnosis,45
080,Bold,Chesto Berry,,,252,252,,,Psychic,Surf,Calm Mind,Yawn,1
080,Modest,Choice Specs,252,,,252,,,Psychic,Flamethrower,Shadow Ball,Signal Beam,3
087,Careful,Razor Fang,,252,,,252,,Waterfall,Avalanche,Headbutt,Fake Out,1
087,Calm,Wacan Berry,,,,252,252,,Ice Beam,Signal Beam,Encore,Disable,2
087,Calm,Chesto Berry,,,,252,252,,Surf,Ice Beam,Signal Beam,Rest,45
087,,,,,,,,,,,Horn Drill,,4
089,Adamant,Expert Belt,252,252,,,,,Poison Jab,Fire Punch,Thunder Punch,Ice Punch,3
089,,Quick Claw,,,,,,,Gunk Shot,,,,5
089,Brave,Zoom Lens,252,252,,,,,Gunk Shot,Payback,Shadow Sneak,Curse,5
094,Timid,Payapa Berry,,,,252,,252,Shadow Ball,Sludge Bomb,Spite,Confuse Ray,12
094,Modest,Life Orb,,,,252,,252,Shadow Ball,Dream Eater,Hypnosis,Substitute,
094,Modest,Scope Lens,,,,252,,252,Psychic,Energy Ball,Focus Blast,Confuse Ray,3
097,Brave,Iron Ball,,252,,,252,,Psycho Cut,Fling,Hypnosis,Trick Room,1
097,,,,,,,,,Drain Punch,,,,2
101,Modest,Chesto Berry,,,,252,,252,Thunderbolt,Swift,Thunder Wave,Light Screen,1
101,Timid,Damp Rock,,,,252,,252,Thunder,Hyper Beam,Magnet Rise,Rain Dance,3
101,,,,,,,,,Charge Beam,Swagger,,,3
103,Modest,Bright Powder,252,,,252,,,Solar Beam,Psychic,Synthesis,Sunny Day,1
103,Modest,Lum Berry,252,,,252,,,Dream Eater,Hypnosis,Leech Seed,Ingrain,3
103,,Focus Sash,,,,,,,Wood Hammer,Zen Headbutt,,Trick,3
105,Adamant,Razor Claw,,252,252,,,,Bone Rush,Brick Break,Iron Tail,Sandstorm,12
105,,,,,,,,,Earthquake,,,,5
110,Bold,Payapa Berry,,,252,252,,,Sludge Bomb,Dark Pulse,Shock Wave,Grudge,1
110,,Sitrus Berry,,,,,,,Double Hit,,,,2
110,Modest,Quick Claw,,,252,252,,,Sludge Bomb,Flamethrower,Shadow Ball,Destiny Bond,4
112,,Passho Berry,,,,,,,,,,,1
112,Adamant,Focus Sash,,252,252,,,,Earthquake,Fire Punch,Thunder Punch,Ice Punch,2
112,,,,,,,,,Outrage,,,,4
115,Jolly,Salac Berry,,252,,,,252,Double-edge,Crunch,Reversal,Endure,12
115,,,,,,,,,Dizzy Punch,Thunder Punch,,,3
115,Adamant,Muscle Band,252,252,,,,,Giga Impact,Earthquake,Crunch,Outrage,4
121,Timid,Lum Berry,,,,252,,252,Surf,Psychic,Confuse Ray,Thunder Wave,1
121,Timid,Wide Lens,,,,252,,252,Hydro Pump,Blizzard,Thunder,Recover,2
121,,,,,,,,,Psychic,Signal Beam,Power Gem,,3
121,,,,,,,,,Thunderbolt,Ice Beam,,,4
122,Calm,Cheri Berry,,,,252,252,,Psychic,Signal Beam,Copycat,Mimic,1
122,Modest,Kasib Berry,,,,252,252,,Psychic,Thunder,Energy Ball,Hyper Beam,34
122,,,,,,,,,,Focus Blast,,,4
124,Modest,Expert Belt,,,,252,,252,Blizzard,Energy Ball,Signal Beam,Wring Out,3
124,Modest,Choice Specs,,,,252,,252,Ice Beam,Psychic,Focus Blast,Shadow Ball,5
127,Adamant,Coba Berry,,252,252,,,,X-scissor,Earthquake,Rock Slide,Sword Dance,12
127,Jolly,Salac Berry,,252,,,,252,X-scissor,Revenge,Flail,Endure,2
127,Adamant,Scope Lens,,252,252,,,,X-scissor,Earthquake,Close Combat,Guillotine,4
128,Jolly,Persim Berry,,252,,,,252,Thrash,Zen Headbutt,Pursuit,Scary Face,1
128,Adamant,Life Orb,,252,,,,252,Facade,Earthquake,Rock Slide,Payback,23
128,,,,,,,,,Outrage,,,,3
130,Careful,Razor Fang,,252,,,252,,Aqua Tail,Ice Fang,Bite,Rain Dance,1
130,Adamant,Persim Berry,,252,,,252,,Outrage,Waterfall,Stone Edge,Giga Impact,3
130,Jolly,Lum Berry,,252,,,,252,Waterfall,Ice Fang,Iron Head,Dragon Dance,4
131,Adamant,Leftovers,252,252,,,,,Aqua Tail,Avalanche,Ice Shard,Curse,12
131,Adamant,Lum Berry,252,252,,,,,Waterfall,Outrage,Zen Headbutt,Dragon Dance,34
134,Modest,Expert Belt,252,,,252,,,Surf,Ice Beam,Shadow Ball,Signal Beam,4
134,Modest,Bright Powder,252,,,252,,,Surf,Ice Beam,Acid Armor,Baton Pass,1
134,Modest,Damp Rock,252,,,252,,,Hydro Pump,Ice Beam,Acid Armor,Rain Dance,
134,Modest,Leftovers,252,,,252,,,Muddy Water,Blizzard,Aqua Ring,Yawn,5
135,Timid,Focus Sash,,,,252,,252,Thunderbolt,Thunder Wave,Agility,Baton Pass,1
135,Timid,Lax Incense,,,,252,,252,Thunder,Shadow Ball,Rain Dance,Yawn,3
135,,,,,,,,,,Hyper Beam,,,4
135,,,,,,,,,Thunderbolt,Signal Beam,Shadow Ball,,5
136,Modest,White Herb,,,,252,252,,Overheat,Shadow Ball,Mud-slap,Will-o-wisp,3
136,Adamant,White Herb,,252,,,252,,Fire Fang,Giga Impact,Superpower,Bite,3
142,Jolly,King's Rock,,252,,,,252,Rock Slide,Aerial Ace,Torment,Taunt,1
142,Jolly,Razor Fang,,252,,,,252,Bite,Fire Fang,Thunder Fang,Ice Fang,2
142,Adamant,Yache Berry,,252,,,,252,Giga Impact,Earthquake,Rock Slide,Crunch,4
143,Adamant,Chesto Berry,,252,,,252,,Fire Punch,Thunder Punch,Ice Punch,Rest,2
143,Adamant,Life Orb,252,252,,,,,Double-edge,Earthquake,Zen Headbutt,Crunch,4
143,Adamant,Leftovers,252,252,,,,,Return,Rock Slide,Curse,Yawn,12
144,Brave,Wacan Berry,,252,252,,,,Avalanche,Aerial Ace,Facade,Reflect,5
144,,,,,,,,,,Air Cutter,Sheer Cold,,5
144,Modest,Wise Glasses,,,252,252,,,Ice Beam,Signal Beam,Ominous Wind,Water Pulse,5
145,Timid,Focus Band,,,,252,,252,Thunderbolt,Ancientpower,Ominous Wind,Light Screen,4
149,Adamant,Razor Claw,,252,252,,,,Dragon Rush,Fire Punch,Thunder Punch,Ice Punch,2
149,Modest,Expert Belt,,,252,252,,,Draco Meteor,Flamethrower,Thunderbolt,Surf,3
149,Adamant,Choice Band,,252,,,252,,Outrage,Giga Impact,Earthquake,Superpower,45
149,Adamant,Lum Berry,,252,,,252,,Dragon Claw,Aerial Ace,Thunder Wave,Dragon Dance,12
154,Modest,Heat Rock,,,252,,252,,Solar Beam,Ancientpower,Synthesis,Sunny Day,1
154,Bold,Light Clay,252,,,252,,,Leaf Storm,Wring Out,Light Screen,Reflect,23
154,Modest,Lax Incense,252,,,252,,,Frenzy Plant,Ancientpower,Hyper Beam,Light Screen,4
157,,Shuca Berry,,,,,,,Shadow Claw,,,,4
157,Modest,White Herb,,,,252,,252,Overheat,Solar Beam,Focus Blast,Sunny Day,5
160,Adamant,King's Rock,,252,252,,,,Waterfall,Ice Fang,Rock Slide,Scary Face,1
160,Modest,Wise Glasses,,,252,252,,,Hydro Cannon,Ice Beam,Focus Blast,Ancientpower,5
169,,Razor Fang,,252,,,,252,Air Slash,Zen Headbutt,Bite,Twister,2
169,,,,,,,,,Sludge Bomb,Dark Pulse,Heat Wave,,4
169,Adamant,Razor Claw,,252,,,,252,Cross Poison,Brave Bird,X-scissor,Zen Headbutt,4
171,Modest,Expert Belt,252,,,252,,,Surf,Thunderbolt,Ice Beam,Signal Beam,3
171,,,,,,,,,Thunder,,,Rain Dance,4
181,Careful,Cheri Berry,,252,,,252,,Thunder Punch,Fire Punch,Focus Punch,Thunder Wave,2
181,Modest,Shuca Berry,,,,252,252,,Thunderbolt,Power Gem,Light Screen,Thunder Wave,2
181,Quiet,Zoom Lens,252,,,252,,,Thunder,Focus Blast,Signal Beam,Power Gem,3
186,Modest,Wacan Berry,,,,252,252,,Hydro Pump,Ice Beam,Psychic,Hypnosis,4
195,Adamant,Rindo Berry,252,252,,,,,Earthquake,Aquatail,Brick Break,Counter,1
195,Modest,Quick Claw,252,,,252,,,Surf,Earth Power,Focus Blast,Sludge Bomb,3
195,Careful,Leftovers,170,,170,,170,,Dive,Yawn,Curse,Amnesia,
196,Timid,Lum Berry,,,,252,,252,Psychic,Reflect,Calm Mind,Baton Pass,1
197,Careful,Leftovers,,,252,,252,,Payback,Confuse Ray,Curse,Baton Pass,1
197,Impish,Bright Powder,,,252,,252,,Payback,Trump Card,Curse,Moonlight,4
199,Quiet,Shell Bell,170,,170,,170,,Psychic,Brine,Yawn,Trick Room,2
205,,Sitrus Berry,,,,,,,Bug Bite,Toxik Spikes,Spikes,,12
205,Adamant,Leftovers,,252,252,,,,Dig,Swagger,Toxik,Double Team,23
205,Adamant,Lax Incense,,252,252,,,,Explosion,Double-edge,Earthquake,Rock Slide,45
205,Adamant,Leftovers,,252,252,,,,Dig,Swagger,Toxik,Double Team,34
208,Impish,Passho Berry,,252,252,,,,Earthquake,Iron Head,Crunch,Sandstorm,1
208,,,,,,,,,Thunder Fang,Fire Fang,,,2
208,Relaxed,Iron Ball,,252,252,,,,Gyro Ball,Payback,Swagger,Curse,3
208,Brave,Quick Claw,,252,252,,,,Gyro Ball,Earthquake,Stone Edge,Explosion,4
210,Adamant,Razor Claw,252,252,,,,,Return,Rock Slide,Crunch,Thunder Wave,1
210,,,,,,,,,Fire Punch,Ice Punch,Thunder Punch,,2
212,Impish,Bright Powder,,252,252,,,,X-scissor,Bullet Punch,Sword Dance,Baton Pass,1
212,Jolly,Salac Berry,,252,,,,252,X-scissor,Quick Attack,Reversal,Endure,3
212,,,,,,,,,X-scissor,Iron Head,,,4
213,Impish,Lax Incense,,,252,,252,,Stone Edge,Bug Bite,Swagger,Power Trick,1
213,,,,,,,,,Toxik,Swagger,Wrap,Attract,2
213,Impish,Lax Incense,,,252,,252,,Gyro Ball,Substitute,Double Team,Power Trick,3
214,Jolly,Focus Band,,252,,,,252,Megahorn,Focus Punch,Swagger,Attract,1
214,Adamant,Scope Lens,,252,,,252,,Close Combat,Aerial Ace,Night Slash,Bulk Up,2
214,Adamant,Coba Berry,,252,,,,252,Megahorn,Stone Edge,Facade,Shadow Claw,3
214,Jolly,Salac Berry,,252,,,,252,Megahorn,Earthquake,Reversal,Endure,4
217,Brave,Focus Sash,252,252,,,,,Slash,Payback,Avalanche,Counter,1
217,,,,,,,,,Arm Hammer,,,,2
217,,,,,,,,,,Aerial Ace,,,4
227,Impish,Occa Berry,,252,252,,,,Drill Peck,Steel Wing,Spikes,Roar,1
227,Careful,,170,,170,,170,,Fly,Toxik,Double Team,Roost,2
227,,,,,,,,,Slash,Payback,Drill Peck,,3
227,,,,,,,,,Brave Bird,,,,4
229,Jolly,Focus Sash,,252,,,,252,Fire Fang,Crunch,Roar,Counter,1
229,,Focus Sash,,,,,,,Fire Fang,Thunder Fang,,,3
229,Timid,White Herb,,,,252,,252,Overheat,Dark Pulse,Solar Beam,Sunny Day,4
230,Timid,Shell Bell,,,,252,,252,Brine,Ice Beam,Twister,Yawn,2
230,Adamant,Lum Berry,252,252,,,,,Waterfall,Outrage,Iron Head,Dragon Dance,3
230,Timid,Razor Fang,,,,252,,252,Surf,Dragon Pulse,Smokescreen,Rain Dance,12
232,Adamant,White Herb,,252,252,,,,Earthquake,Superpower,Gunk Shot,Counter,23
233,Modest,Cheri Berry,252,,,252,,,Tri Attack,Charge Beam,Thunder Wave,Recycle,1
233,,,,,,,,,Tri Attack,Thunderbolt,,,3
241,,,,,,,,,Return,Iron Head,Thunder Wave,Milk,1
241,Adamant,Salac Berry,,252,,,,252,Facade,Zen Headbutt,Counter,Endure,3
241,Adamant,Muscle Band,,252,,,,252,Giga Impact,Earthquake,Rock Slide,Zen Headbutt,
242,Modest,Chople Berry,252,,,,252,,Hyper Beam,Shadow Ball,Water Pulse,Sing,1
242,Calm,Chesto Berry,252,,,,252,,Toxik,Double Team,Soft-Boiled,Counter,2
242,Calm,Leftovers,252,,,,252,,Dream Eater,Sing,Soft-Boiled,Counter,4
243,Timid,Lum Berry,,,,252,,252,Thunderbolt,Shadow Ball,Thunder Wave,Light Screen,5
245,Calm,Focus Sash,,,,252,252,,Surf,Icy Wind,Ominous Wind,Mirror Coat,4
248,Jolly,Choice Scarf,,252,,,,252,Fire Punch,Thunder Punch,Ice Punch,Aerial Ace,2
248,Brave,Focus Band,,252,,,252,,Rock Slide,Payback,Avalanche,Curse,12
248,Adamant,White Herb,,252,252,,,,Superpower,Dragon Claw,Shadow Claw,Aqua Tail,3
248,Adamant,Chople Berry,252,252,,,,,Stone Edge,Crunch,Earthquake,Dragon Dance,4
254,Jolly,Liechi Berry,,252,,,,252,Leaf Blade,Crunch,Quick Attack,Screech,1
257,Adamant,Salac Berry,,252,,,,252,Blaze Kick,Reversal,Aerial Ace,Endure,1
257,Timid,Bright Powder,,,,252,,252,Blast Burn,Focus Blast,Solar Beam,Sunny Day,3
260,,,,,,,,,Aqua Tail,,,,5
272,Adamant,Muscle Band,,252,,,252,,Waterfall,Razor Leaf,Drain Punch,Sword Dance,1
272,Impish,Leftovers,170,,170,,170,,Leech Seed,Toxik,Double Team,Rain Dance,2
275,Jolly,Persim Berry,,252,,,,252,Seed Bomb,Faint Attack,X-scissor,Fake Out,1
275,Calm,Leftovers,170,,170,,170,,Giga Drain,Leech Seed,Double Team,Synthesis,2
275,Adamant,Cheri Berry,252,252,,,,,Seed Bomb,Sucker Punch,Aerial Ace,Explosion,4
282,Calm,Chesto Berry,,,,252,252,,Psychic,Thunderbolt,Calm Mind,Rest,2
282,,,,,,,,,Psychic,Focus Blast,Energy Ball,Charge Beam,3
282,Timid,Wise Glasses,,,,252,,252,Psychic,Thunderbolt,Shadow Ball,Destiny Bond,4
282,Calm,Lum Berry,,,,252,252,,Psychic,Shadow Ball,Thunder Wave,Confuse Ray,
286,Brave,Big Root,,252,,252,,,Drain Punch,Giga Drain,Synthesis,Leech Seed,23
286,Adamant,Toxic Orb,,252,252,,,,Dynamic Punch,Thunder Punch,Stone Edge,Facade,3
289,Impish,Lax Incense,252,,252,,,,Facade,Shadow Claw,Slack Off,Yawn,1
289,Adamant,Lum Berry,,252,252,,,,Crush Claw,Fire Punch,Thunder Punch,Ice Punch,2
289,Jolly,Life Orb,,252,,,,252,Return,Night Slash,Gunk Shot,Aerial Ace,3
289,Adamant,Muscle Band,252,252,,,,,Giga Impact,Earthquake,Arm Hammer,Shadow Claw,4
295,,,,,,,,,Extrasensory,,,,2
295,Adamant,Life Orb,252,252,,,,,Facade,Fire Punch,Thunder Punch,Ice Punch,2
295,,Life Orb,,,,,,,Avalanche,Earthquake,,,3
295,Modest,White Herb,252,,,252,,,Hyper Voice,Overheat,Surf,Ice Beam,45
297,Adamant,Persim Berry,252,252,,,,,Arm Thrust,Earthquake,Facade,Fake Out,1
297,Adamant,Iron Ball,252,252,,,,,Revenge,Payback,Fling,Fake Out,2
297,,,,,,,,,Stone Edge,Cross Chop,Earthquake,Poison Jab,4
306,Adamant,Quick Claw,,252,252,,,,Steel Claw,Fire Punch,Thunder Punch,Ice Punch,2
306,Adamant,Muscle Band,,252,252,,,,Iron Tail,Dragon Rush,Avalanche,Aerial Ace,3
308,,,,,,,,,Drain Punch,,,,3
308,Adamant,Scope Lens,,252,,,,252,Psycho Cut,Fire Punch,Thunder Punch,Ice Punch,4
310,Adamant,Shuca Berry,,252,,,,252,Thunder Fang,Crunch,Roar,Thunder Wave,1
310,,,,,,,,,Hyper Beam,,,,2
310,Timid,Bright Powder,,,,252,,252,Thunderbolt,Flamethrower,Signal Beam,Swift,4
310,Adamant,Quick Claw,,252,,,,252,Thunder Fang,Fire Fang,Ice Fang,Bite,5
321,Modest,Sitrus Berry,252,,,252,,,Surf,Ice Beam,Attract,Double Team,1
321,,,,,,,,,,,Whirlpool,Amnesia,2
321,Modest,Quick Claw,252,,,252,,,Hydro Pump,Blizzard,Hyper Beam,Fissure,3
321,Adamant,Leftovers,252,252,,,,,Waterfall,Avalanche,Earthquake,Curse,34
330,Adamant,Yache Berry,,252,,,,252,Earthquake,Dragon Claw,Roost,Sandstorm,12
330,Adamant,Lum Berry,,252,,,,252,Earthquake,Outrage,Crunch,Stone Edge,5
334,Careful,Chesto Berry,,252,,,252,,Dragon Claw,Aerial Ace,Dragon Dance,Rest,12
334,,,,,,,,,,,,Perish Song,2
334,,,,,,,,,Earthquake,,,,
334,Modest,White Herb,,,,252,,252,Draco Meteor,Air Cutter,Flamethrower,Ice Beam,45
340,Modest,Shell Bell,252,,,252,,,Surf,Earth Power,Icy Wind,Amnesia,1
340,Adamant,Muscle Band,252,252,,,,,Earthquake,Aqua Tail,Zen Headbutt,Stone Edge,4
340,Adamant,Persim Berry,252,252,,,,,Aqua Tail,Earthquake,Rock Slide,Thrash,23
340,,,,,,,,,Hydro Pump,Earth Power,Blizzard,,4
344,,Rindo Berry,,,,,,,Earth Power,Shadow Ball,Ancientpower,Signal Beam,2
346,Impish,Razor Claw,170,,170,,170,,Acientpower,Energy Ball,Confuse Ray,Sandstorm,1
346,Impish,Leftovers,170,,170,,170,,Toxik,Stockpile,Double Team,Ingrain,2
346,Calm,Leftovers,170,,170,,170,,Stone Edge,Seed Bomb,Earthquake,Mirror Coat,4
348,,,,,,,,,Aerial Ace,Crush Claw,,,3
348,Adamant,Choice Band,,252,252,,,,Stone Edge,Superpower,Earthquake,Giga Impact,3
350,Calm,Wide Lens,,,,252,252,,Hydro Pump,Blizzard,Mirror Coat,Recover,3
350,Modest,Shell Bell,252,,,252,,,Surf,Ice Beam,Attract,Hypnosis,12
359,Jolly,Chople Berry,,252,,,,252,Sucker Punch,Facade,Double Team,Taunt,1
359,Adamant,Quick Claw,252,252,,,,,Punishment,Swagger,Attract,Thunder Wave,2
362,Brave,Iron Ball,170,,170,,170,,Avalanche,Payback,Gyro Ball,Ice Shard,123
362,Adamant,Lum Berry,252,252,,,,,Ice Fang,Crunch,Earthquake,Explosion,2
362,,,,,,,,,Blizzard,Dark Pulse,Sheer Cold,,4
365,Adamant,Chople Berry,252,252,,,,,Ice Fang,Aquatail,Swagger,Encore,2
365,Brave,Life Orb,252,252,,,,,Avalanche,Earthquake,Crunch,Curse,3
365,,Leftovers,,,,,,,Ice Beam,Surf,Signal Beam,,4
373,Adamant,Cheri Berry,,252,,,,252,Dragon Claw,Aerial Ace,Aqua Tail,Scary Face,1
373,,,,,,,,,Draco Meteor,,,,2
373,,,,,,,,,Dragon Claw,Thunder Fang,Dragon Dance,,3
373,,,,,,,,,Outrage,,,,5
376,Adamant,Bright Powder,,252,252,,,,Zen Headbutt,Bullet Punch,Facade,Light Screen,1
376,Modest,Wise Glasses,,,252,252,,,Psychic,Flash Cannon,Shadow Ball,Sludge Bomb,2
376,Adamant,Quick Claw,252,252,,,,,Meteor Mash,Zen Headbutt,Earthquake,Explosion,45
379,Adamant,Razor Claw,252,252,,,,,Shadow Claw,Aerial Ace,Thunder Punch,Ice Punch,4
379,Adamant,Shell Bell,170,,170,,170,,Iron Head,Arm Hammer,Earthquake,Curse,5
389,Sassy,Leftovers,170,,170,,170,,Giga Drain,Leech Seed,Synthesis,Amnesia,12
389,Modest,Lax Incense,,,252,252,,,Frenzy Plant,Earth Power,Hyper Beam,Leech Seed,3
389,Adamant,Quick Claw,252,252,,,,,Wood Hammer,Earthquake,Stone Edge,Crunch,4
392,Jolly,Coba Berry,,252,,,,252,Close Combat,Fire Punch,U-turn,Fake Out,12
392,,,,,,,,,Shadow Claw,,,,3
392,Jolly,King's Rock,,252,,,,252,Flare Blitz,Close Combat,Earthquake,Thunder Punch,5
395,Adamant,Razor Claw,,252,,,252,,Waterfall,Metal Claw,Brick Break,Knock Off,12
395,Adamant,Razor Claw,,252,,,252,,Drill Peck,Aqua Jet,Shadow Claw,Rock Slide,2
395,Brave,Quick Claw,,252,,252,,,Surf,Earthquake,Blizzard,Signal Beam,3
398,,,,,,,,,Return,Double Team,Roost,,2
398,Jolly,King's Rock,,252,,,,252,Endeavor,Aerial Ace,Endure,Quick Attack,2
398,Adamant,Muscle Band,,252,,,,252,Brave Bird,Return,Steel Wing,Pursuit,23
405,Adamant,Muscle Band,252,252,,,,,Thunder Fang,Ice Fang,Crunch,Thunder Wave,3
405,,,,,,,,,Thunderbolt,Signal Beam,Thunder Wave,Magnet Rise,23
405,,,,,,,,,Thunder Fang,Howl,,,
405,,White Herb,,,,,,,Ice Fang,Superpower,,,3
407,Calm,Coba Berry,,,,252,252,,Sludge Bomb,Magical Leaf,Stun Spore,Mud-slap,1
407,Modest,White Herb,,,,252,,252,Leaf Storm,Sludge Bomb,Hyper Beam,Grass Whistle,3
409,Brave,Iron Ball,252,252,,,,,Stone Edge,Payback,Avalanche,Fling,2
409,Adamant,Life Orb,252,252,,,,,Head Smash,Zen Headbutt,Fire Punch,Thunder Punch,
411,Careful,Leftovers,252,,,,252,,Iron Head,Fissure,Double Team,Iron Defense,3
416,Modest,Scope Lens,,,252,,252,,Silver Wind,Air Cutter,Ominous Wind,Swagger,12
416,,,,,,,,,Toxik,X-scissor,,,3
416,Adamant,Muscle Band,252,252,,,,,X-scissor,Aerial Ace,Pursuit,U-Turn,5
419,Jolly,Sitrus Berry,,252,,,,252,Waterfall,Ice Punch,Quick Attack,Rain Dance,1
419,,,,,,,,,Focus Punch,,,,2
423,Careful,Focus Sash,252,,,,252,,Waterfall,Earthquake,Recover,Mirror Coat,1
423,Sassy,Zoom Lens,,,,252,252,,Muddy Water,Mud Bomb,Recover,Yawn,2
423,Modest,Wise Glasses,252,,,252,,,Surf,Earth Power,Ice Beam,Sludge Bomb,3
423,Adamant,Shell Bell,252,252,,,,,Waterfall,Earthquake,Stone Edge,Fissure,5
424,Jolly,Metronome,,252,,,,252,Last Resort,Thunder Wave,Protect,Fake Out,5
424,Jolly,Muscle Band,,252,,,,252,Double Hit,Shadow Claw,Brick Break,Knock Off,1
426,,Black Sludge,,,,,,,,,,Trick,1
426,Quirky,Lax Incense,252,252,,,,,Shadow Ball,Air Cutter,Silver Wind,Explosion,4
428,,,,,,,,,Ice Beam,,,,2
429,Modest,Kasib Berry,,,,252,,252,Shadow Ball,Power Gem,Magical Leaf,Memento,1
429,Timid,Focus Sash,,,,252,,252,Shadow Ball,Psychic,Thunderbolt,Destiny Bond,345
430,Adamant,Wacan Berry,252,252,,,,,Night Slash,Aerial Ace,Torment,Taunt,12
430,,,,,,,,,Night Slash,Sucker Punch,,,4
435,Timid,Shuca Berry,,,,252,,252,Sludge Bomb,Dark Pulse,Flamethrower,Shadow Ball,345
437,Impish,King's Rock,,,252,,252,,Extrasensory,Iron Head,Rock Slide,Trick Room,1
437,Calm,Lum Berry,,,252,,252,,Dream Eater,Hypnosis,Signal Beam,Trick Room,2
437,Adamant,Quick Claw,252,252,,,,,Zen Headbutt,Iron Head,Earthquake,Explosion,
445,Modest,White Herb,,,,252,,252,Draco Meteor,Earth Power,Flamethrower,Surf,2
445,Adamant,Focus Sash,,252,,,,252,Dragon Rush,Stone Edge,Aqua Tail,Aerial Ace,5
445,Jolly,Bright Powder,,252,,,,252,Dragon Claw,Earthquake,Double Team,Sandstorm,12
448,Adamant,Scope Lens,,252,,,,252,Cross Chop,Stone Edge,Thunder Punch,Ice Punch,3
448,Modest,Expert Belt,,,,252,,252,Aura Sphere,Psychic,Shadow Ball,Dragon Pulse,4
448,Adamant,Muscle Band,,252,,,,252,Close Combat,Earthquake,Blaze Kick,Shadow Claw,5
450,Impish,Persim Berry,,252,252,,,,Earthquake,Crunch,Slack Off,Curse,1
450,Adamant,Quick Claw,252,252,,,,,Earthquake,Stone Edge,Crunch,Thunder Fang,4
450,Impish,Sitrus Berry,,252,252,,,,Earthquake,Swagger,Sand Tomb,Yawn,23
452,,,,,,,,,Aqua Tail,Crunch,,,1
452,Adamant,Iron Ball,,252,252,,,,Payback,Poison Jab,Fling,Knock Off,2
454,Adamant,Wide Lens,,252,,,,252,Dynamic Punch,Poison Jab,Thunder Punch,Ice Punch,2
454,Modest,Wise Glasses,,,,252,,252,Sludge Bomb,Focus Blast,Shadow Ball,Dark Pulse,3
454,Adamant,Razor Claw,,252,,,,252,Gunk Shot,Cross Chop,Earthquake,Stone Edge,4
454,Adamant,Black Sludge,,252,,,,252,Poison Jab,Brick Break,X-scissor,Knock Off,12
460,Modest,Lum Berry,252,,,252,,,Giga Drain,Ice Beam,Water Pulse,Grass Whistle,1
460,Brave,Shell Bell,252,252,,,,,Wood Hammer,Avalanche,Earthquake,Rock Slide,4
460,,Occa Berry,,,,,,,Energy Ball,,,,4
461,Adamant,Focus Sash,,252,,,,252,Night Slash,X-scissor,Metal Claw,Counter,3
462,Bold,Light Clay,,,252,252,,,Thunderbolt,Mirror Shot,Light Screen,Reflect,1
462,Modest,Bright Powder,,,252,252,,,Thunderbolt,Flash Cannon,Tri Attack,Signal Beam,4
462,Modest,Chesto Berry,,252,252,,,,Charge Beam,Flash Cannon,Magnet Rise,Thunder Wave,5
463,Careful,Chesto Berry,252,252,,,,,Return,Earthquake,Belly Drum,Rest,1
463,Modest,Expert Belt,252,,,252,,,Surf,Ice Beam,Thunderbolt,Shadow Ball,2
463,,,,,,,,,Body Slam,Earthquake,,,
463,Brave,Lum Berry,252,252,,,,,Return,Gyro Ball,Curse,Rest,5
464,Adamant,Expert Belt,,252,252,,,,Fire Punch,Thunder Punch,Ice Punch,Aqua Tail,12
465,Bold,Big Root,170,,170,170,,,Giga Drain,Leech Seed,Toxik,Double Team,2
465,,,,,,,,,Solar Beam,,,,3
466,Jolly,Scope Lens,,252,,,,252,Thunder Punch,Cross Chop,Thunder Wave,Screech,1
466,Modest,Wise Glasses,,,,252,,252,Thunderbolt,Psychic,Focus Blast,Signal Beam,5
467,,Passho Berry,,,,,,,Earthquake,,,,3
467,Modest,White Herb,,,,252,,252,Overheat,Psychic,Focus Blast,Confuse Ray,4
467,Adamant,Shuca Berry,,252,,,,252,Fire Punch,Focus Punch,Confuse Ray,Smokesceen,23
468,Adamant,Power Herb,,252,,,252,,Sky Attack,Extreme Speed,Drain Punch,Roost,1
468,Modest,Scope Lens,252,,,252,,,Air Slash,Ominous Wind,Silver Wind,Ancientpower,23
469,Timid,Coba Berry,,,,252,,252,Signal Beam,Air Cutter,Detect,Double Team,1
469,Modest,Lum Berry,,,,252,,252,Silver Wind,Ancientpower,Ominous Wind,Giga Drain,4
470,Jolly,Scope Lens,,252,,,,252,Leaf Blade,Aerial Ace,Double Team,Baton Pass,1
470,Jolly,Bright Powder,,252,,,,252,Leaf Blade,Last Resort,Curse,Grass Whistle,2
471,Calm,Lax Incense,,,,252,252,,Ice Beam,Water Pulse,Double Team,Baton Pass,1
471,Calm,Leftovers,,,,252,252,,Ice Beam,Double Team,Yawn,Hail,2
472,Adamant,Yache Berry,,252,252,,,,Earthquake,Aerial Ace,Sword Dance,Baton Pass,12
472,Jolly,Razor Fang,,252,,,,252,Earthquake,Fire Fang,Thunder Fang,Ice Fang,23
472,Jolly,Focus Sash,252,,,,,252,Guillotine,Earthquake,U-turn,Counter,3
473,Adamant,Icy Rock,252,252,,,,,Earthquake,Ice Fang,Peck,Hail,12
473,Adamant,Sitrus Berry,252,252,,,,,Avalanche,Earthquake,Iron Head,Curse,2
474-Z,Modest,Sitrus Berry,252,,,252,,,Tri Attack,Shadow Ball,Recycle,Conversion 2,1
474-Z,Modest,Choice Scarf,,,,252,,252,Tri Attack,Thunder Wave,Recover,Trick,3
474-Z,Modest,Expert Belt,,,,252,,252,Tri Attack,Shadow Ball,Thunderbolt,Recover,45
475,Careful,Kasib Berry,,252,,,252,,Zen Headbutt,Brick Break,Thunder Wave,Confuse Ray,1
475,Jolly,Bright Powder,,252,,,,252,Drain Punch,Fire Punch,Thunder Punch,Ice Punch,23
475,Adamant,Scope Lens,,252,,,252,,Psycho Cut,Stone Edge,Aerial Ace,X-scissor,3
475,Adamant,Scope Lens,,252,,,252,,Psycho Cut,Close Combat,Leaf Blade,Night Slash,4
476,,,,,,,,,,,Ancientpower,Thunder Wave,1
476,Adamant,Chople Berry,,252,,,252,,Iron Head,Fire Punch,Thunder Punch,Ice Punch,2
476,Adamant,Scope Lens,,252,252,,,,Stone Edge,Iron Head,Earthquake,Explosion,3
476,Modest,Life Orb,,,,252,252,,Flash Cannon,Power Gem,Earth Power,Thunderbolt,4
477,Brave,Iron Ball,,252,252,,,,Shadow Punch,Fling,Will-o-wisp,Trick Room,12
477,Adamant,Scope Lens,,252,,,252,,Shadow Punch,Fire Punch,Thunder Punch,Ice Punch,
478,Adamant,Focus Band,,252,,,,252,Ice Punch,Sucker Punch,Swagger,Psych Up,2
478,Modest,Lax Incense,,,,252,,252,Blizzard,Shadow Ball,Psychic,Hail,345
485,Modest,Shuca Berry,,,,252,252,,Heat Wave,Flash Cannon,Ancientpower,Scary Face,5
486,Adamant,Bright Powder,252,252,,,,,Crush Grip,Earthquake,Stone Edge,Drain Punch,5
